DXF文件,中文名,数量,长mm,宽mm,厚度mm,估重g,批次
01_deck_front,前段主甲板,1,128.0,162.0,4.0,36.2,1
02_deck_rear,后段主甲板,1,128.0,162.0,4.0,38.3,1
03_deck_splice,甲板搭接板,1,60.0,60.0,3.0,5.9,1
04_column,甲板立柱,4,12.0,12.0,22.0,1.3,1
05_scoop_floor,收集铲底板（V 型）,1,28.0,96.0,6.0,6.5,2
05b_scoop_wall_L,收集铲侧板（左）,1,28.0,29.0,26.0,2.3,2
05c_scoop_wall_R,收集铲侧板（右）,1,28.0,29.0,26.0,2.3,2
05d_scoop_back,收集铲后壁（对中挡板）,1,8.0,64.0,26.0,7.2,2
06_limit_lever,对中限位摆杆,2,45.0,12.0,4.0,1.2,3
07_grip_finger_L,夹爪指（左）,1,46.5,16.5,6.0,1.7,3
08_grip_finger_R,夹爪指（右）,1,46.5,16.5,6.0,1.7,3
09_arm_upper,大臂（MG995 驱动）,1,92.0,24.0,8.0,8.5,3
10_arm_fore,小臂 / 取块叉,1,70.0,23.0,6.0,3.9,3
11b_claw_adapter,外购机械爪通用转接板,1,76.0,52.0,5.0,8.2,3
25_arm_riser,机械臂增高座（★ 必打，可能要切短）,1,50.0,54.0,60.0,37.0,9
11_servo_horn_plate,舵盘转接板,3,32.0,32.0,3.0,1.1,3
24a_claw_base,平行夹爪·爪架底板,1,74.0,56.0,4.0,4.6,9
24b_claw_slider,平行夹爪·滑块,2,18.0,16.0,12.0,1.8,9
24c_claw_finger,平行夹爪·爪指,2,6.0,26.0,34.0,2.7,9
24d_claw_horn,平行夹爪·舵机摇臂,1,33.0,6.0,3.0,0.3,9
24e_claw_link,平行夹爪·连杆,2,34.5,6.0,3.0,0.3,9
24f_claw_gear,齿轮夹爪·齿轮,2,14.9,14.9,6.0,0.3,9
24g_claw_rack,齿轮夹爪·齿条滑块,2,44.0,15.3,12.0,3.8,9
24i_claw_finger_gear,齿轮夹爪·爪指,3,6.0,36.0,34.0,3.9,9
24h_claw_base_gear,齿轮夹爪·爪架底板,1,74.0,56.0,4.0,3.8,9
26_cube_mock,能量块道具 30×30×30（镂空骨架）,4,30.0,30.0,30.0,7.4,9
30_arm_base,机械臂·臂座（盒式立柱）,1,34.0,74.0,50.0,17.0,3
31a_arm_turntable,机械臂·回转盘,1,56.0,56.0,8.0,6.5,3
31b_arm_mast,机械臂·肩架竖板,1,44.0,50.0,8.0,9.0,3
32_arm_link,机械臂·平行臂杆（主臂 / 平行杆通用）,2,121.0,16.0,8.0,7.4,3
33_arm_elbow,机械臂·肘座,1,44.0,34.0,8.0,5.9,3
12_bin_floor,储仓底板,1,100.0,136.0,3.0,22.0,2
13_bin_side,储仓侧板,2,100.0,52.0,3.0,8.1,2
14_bin_divider,储仓隔板,2,130.0,46.0,3.0,7.6,2
15_bin_flap,储仓单向挡板,3,42.0,30.0,2.0,1.3,2
16_rack_hook,物资架挑杆头,1,70.0,24.0,6.0,3.5,3
17_cave_probe,洞窟探杆头,1,92.0,20.0,6.0,3.8,3
18_electronics_tray,电控托盘,1,110.0,80.0,3.0,12.7,1
19_battery_clip,18650 电池盒卡箍,1,54.0,52.0,3.0,1.9,1
20_bumper_front,前保险杠,1,16.0,108.0,10.0,7.4,1
21_anti_tip,防翻侧杆,2,116.0,16.0,5.0,4.6,1
22_ramp_anchor,坡道防滑撑地块,1,48.0,24.0,8.0,4.7,2
23_cam_mast,视觉模块支架,1,118.0,36.0,4.0,8.2,3
