批次,文件,中文名,数量,建议多打一份,尺寸X,尺寸Y,尺寸Z,实体体积mm3,单件重g,小计g,层高mm,填充%,支撑,备注
① 底盘必打,01_deck_front.stl,前段主甲板,1,,128.0,162.0,4.0,64794,36.2,36.2,0.20,30%,Brim 8mm,薄板件，切片时基本会被外壳填满；大面积要防翘边
① 底盘必打,02_deck_rear.stl,后段主甲板,1,,128.0,162.0,4.0,71316,39.8,39.8,0.20,30%,Brim 8mm,薄板件，切片时基本会被外壳填满；大面积要防翘边
① 底盘必打,03_deck_splice.stl,甲板搭接板,1,,60.0,60.0,3.0,10655,5.9,5.9,0.20,30%,否,薄板件，切片时基本会被外壳填满；大面积要防翘边
① 底盘必打,04_column.stl,甲板立柱,4,,12.0,12.0,22.0,2307,1.3,5.2,0.20,30%,否,结构件受力，填充别低于 25%
① 底盘必打,18_electronics_tray.stl,电控托盘,1,,110.0,80.0,3.0,22753,12.7,12.7,0.20,30%,否,薄板件，切片时基本会被外壳填满；大面积要防翘边
① 底盘必打,19_battery_clip.stl,18650 电池盒卡箍,1,,54.0,52.0,3.0,3459,1.9,1.9,0.20,30%,否,薄板件，切片时基本会被外壳填满；大面积要防翘边
① 底盘必打,20_bumper_front.stl,前保险杠,1,,16.0,108.0,10.0,13233,7.4,7.4,0.20,30%,否,结构件受力，填充别低于 25%
① 底盘必打,21_anti_tip.stl,防翻侧杆,2,,116.0,16.0,5.0,8197,4.6,9.1,0.20,30%,否,结构件受力，填充别低于 25%
② 收集与储仓,05_scoop_floor.stl,收集铲底板（V 型）,1,,28.0,96.0,6.0,11733,6.5,6.5,0.20,30%,否,结构件受力，填充别低于 25%
② 收集与储仓,05b_scoop_wall_L.stl,收集铲侧板（左）,1,,28.0,29.0,26.0,4092,2.3,2.3,0.20,30%,否,结构件受力，填充别低于 25%
② 收集与储仓,05c_scoop_wall_R.stl,收集铲侧板（右）,1,,28.0,29.0,26.0,4092,2.3,2.3,0.20,30%,否,结构件受力，填充别低于 25%
② 收集与储仓,05d_scoop_back.stl,收集铲后壁（对中挡板）,1,,8.0,64.0,26.0,12894,7.2,7.2,0.20,30%,否,结构件受力，填充别低于 25%
② 收集与储仓,12_bin_floor.stl,储仓底板,1,,138.0,56.0,3.0,21582,12.0,12.0,0.20,30%,Brim 8mm,薄板件，切片时基本会被外壳填满；大面积要防翘边
② 收集与储仓,13_bin_side.stl,储仓侧板,2,,138.0,50.0,3.0,18955,10.6,21.2,0.20,30%,Brim 8mm,薄板件，切片时基本会被外壳填满；大面积要防翘边
② 收集与储仓,14_bin_divider.stl,储仓隔板,2,,50.0,44.0,3.0,4650,2.6,5.2,0.20,30%,否,薄板件，切片时基本会被外壳填满；大面积要防翘边
② 收集与储仓,15_bin_flap.stl,储仓单向挡板,3,,42.0,30.0,2.0,2398,1.3,4.0,0.20,40%,否,超薄件（≤2.5mm），填充给满才不容易掰断
② 收集与储仓,22_ramp_anchor.stl,坡道防滑撑地块,1,,48.0,24.0,8.0,8350,4.7,4.7,0.20,30%,否,结构件受力，填充别低于 25%
③ 机械臂与机构,06_limit_lever.stl,对中限位摆杆,2,,45.0,12.0,4.0,2118,1.2,2.4,0.20,30%,否,薄板件，切片时基本会被外壳填满；大面积要防翘边
③ 机械臂与机构,07_grip_finger_L.stl,夹爪指（左）,1,,46.5,16.5,6.0,3037,1.7,1.7,0.20,30%,否,结构件受力，填充别低于 25%
③ 机械臂与机构,08_grip_finger_R.stl,夹爪指（右）,1,,46.5,16.5,6.0,3037,1.7,1.7,0.20,30%,否,结构件受力，填充别低于 25%
③ 机械臂与机构,09_arm_upper.stl,大臂（MG995 驱动）,1,,92.0,24.0,8.0,15205,8.5,8.5,0.20,30%,否,结构件受力，填充别低于 25%
③ 机械臂与机构,10_arm_fore.stl,小臂 / 取块叉,1,,70.0,23.0,6.0,6977,3.9,3.9,0.20,30%,否,结构件受力，填充别低于 25%
③ 机械臂与机构,11_servo_horn_plate.stl,舵盘转接板,3,,32.0,32.0,3.0,2025,1.1,3.4,0.20,30%,否,薄板件，切片时基本会被外壳填满；大面积要防翘边
③ 机械臂与机构,16_rack_hook.stl,物资架挑杆头,1,,70.0,24.0,6.0,6203,3.5,3.5,0.20,30%,否,结构件受力，填充别低于 25%
③ 机械臂与机构,17_cave_probe.stl,洞窟探杆头,1,,92.0,20.0,6.0,6791,3.8,3.8,0.20,30%,否,结构件受力，填充别低于 25%
③ 机械臂与机构,23_cam_mast.stl,视觉模块支架,1,,118.0,36.0,4.0,14678,8.2,8.2,0.20,30%,否,薄板件，切片时基本会被外壳填满；大面积要防翘边
④ 外观套件（最后打）,P1_nose_shell.stl,前脸罩（U 形，带喇叭口）,1,,60.4,168.0,46.0,12021,6.7,6.7,0.16,15%,否,外观件，层高小一点好看；不承重，15% 填充够用
④ 外观套件（最后打）,P2_skirt_L1.stl,P2_skirt_L1,1,,150.0,2.5,34.0,8522,4.8,4.8,0.16,15%,否,外观件，层高小一点好看；不承重，15% 填充够用
④ 外观套件（最后打）,P2_skirt_L2.stl,P2_skirt_L2,1,,150.0,2.5,34.0,8522,4.8,4.8,0.16,15%,否,外观件，层高小一点好看；不承重，15% 填充够用
④ 外观套件（最后打）,P2_skirt_R1.stl,P2_skirt_R1,1,,150.0,2.5,34.0,8522,4.8,4.8,0.16,15%,否,外观件，层高小一点好看；不承重，15% 填充够用
④ 外观套件（最后打）,P2_skirt_R2.stl,P2_skirt_R2,1,,150.0,2.5,34.0,8522,4.8,4.8,0.16,15%,否,外观件，层高小一点好看；不承重，15% 填充够用
④ 外观套件（最后打）,P3_top_cover.stl,顶部盖板（减重孔 + 铭牌区）,1,,150.0,120.0,2.5,37073,20.7,20.7,0.16,15%,否,外观件，层高小一点好看；不承重，15% 填充够用
④ 外观套件（最后打）,P4_fender_1.stl,P4_fender_1,1,,68.0,26.0,34.0,7941,4.4,4.4,0.16,15%,否,外观件，层高小一点好看；不承重，15% 填充够用
④ 外观套件（最后打）,P4_fender_2.stl,P4_fender_2,1,,68.0,26.0,34.0,7941,4.4,4.4,0.16,15%,否,外观件，层高小一点好看；不承重，15% 填充够用
④ 外观套件（最后打）,P4_fender_3.stl,P4_fender_3,1,,68.0,26.0,34.0,7941,4.4,4.4,0.16,15%,否,外观件，层高小一点好看；不承重，15% 填充够用
④ 外观套件（最后打）,P4_fender_4.stl,P4_fender_4,1,,68.0,26.0,34.0,7941,4.4,4.4,0.16,15%,否,外观件，层高小一点好看；不承重，15% 填充够用
④ 外观套件（最后打）,P5a_tail_plate.stl,尾部横板,1,,120.0,16.0,3.0,4809,2.7,2.7,0.16,15%,否,外观件，层高小一点好看；不承重，15% 填充够用
④ 外观套件（最后打）,P5b_tail_arm_L.stl,P5b_tail_arm_L,1,,34.0,32.0,3.0,2604,1.5,1.5,0.16,15%,否,外观件，层高小一点好看；不承重，15% 填充够用
④ 外观套件（最后打）,P5b_tail_arm_R.stl,P5b_tail_arm_R,1,,34.0,32.0,3.0,2604,1.5,1.5,0.16,15%,否,外观件，层高小一点好看；不承重，15% 填充够用
④ 外观套件（最后打）,P6_number_plate.stl,编号牌（空白，贴字母）,1,,64.0,32.0,2.0,4047,2.3,2.3,0.16,15%,否,外观件，层高小一点好看；不承重，15% 填充够用
